AGCnr,HIMANGA,ALFALFA,SPRINGOB,radeg,decdeg,hiflux,width,widtherr,snr,D,vhelagc,vhelio,vopt,v21,Ty,a,b,b/a,zmag,rms,hisrc,logMH,logMH_Limit,Type
7228,1,0,0,183.403748,46.49361,10.46,366,0,16.6,103.28,7538,7568.29,7568,7538,2.9,1.3,0.3,0.2307692308,15.1,0,43,10.42047615,0,Archival
14,0,1,1,0.89625,23.200279,6.55,350,4,31.3,102.8,7247,7296.72,7301,7247,5.6,1.9,1,0.5263157895,14,2.5,75,10.21313953,0,Archival
40,0,1,1,1.451667,27.448889,2.52,388,2,12.8,102.8,7522,7527.63,7531,7522,3.3,1.2,0.7,0.5833333333,15.2,2.2,75,9.798298773,0,Archival
241,0,1,1,6.320416,12.883611,3.45,314,3,15.1,65.16,5168,5207.86,5290,5168,1.7,0.9,0.7,0.7777777778,14.1,0.9,52,9.538693249,0,Archival
299,0,1,1,7.4725,31.393055,3.83,343,4,20.4,81.66,6307,6303.88,6305,6307,5.3,1.6,1,0.625,15.3,2.3,75,9.780129528,0,Archival
442,0,1,1,10.465833,32.990833,4.7,221,3,30.2,73.45,4927,4930.01,4930,4927,6.4,1.8,0.9,0.5,15.4,2.3,75,9.776993461,0,Archival
979,0,1,1,21.336248,34.024723,11.33,474,5,43.7,63.68,4761,4948.26,4824,4761,4.2,3.2,0.8,0.25,13.5,2.4,75,10.03514802,0,Archival
1027,0,1,1,21.790001,14.776111,6.71,251,5,37.2,82.24516647,6441,,6402,6441,,1.2,0.8,0.6666666667,14.2,2.5,75,10.02985529,0,Archival
1164,0,1,1,24.577499,35.364719,6,478,10,23,83.56,4935,4956.3,4867,4935,1.1,2.2,0.7,0.3181818182,14,2.4,75,9.995060116,0,Archival
1259,0,1,1,27.093332,11.521111,13.11,322,2,39.6,58.34,5183,5179.1,5187,5183,5.3,2.3,1.7,0.7391304348,13.3,1.4,63,10.02244754,0,Archival
1259,0,1,1,27.093332,11.521111,13.11,322,2,39.6,70.7505633,5183,,5187,5183,,2.3,1.7,0.7391304348,13.3,1.4,63,10.1899745,0,Archival
1305,0,1,1,27.673332,21.759445,7.1,327,3,59.1,36.14,2666,2846.01,2665,2666,4,3.8,2.7,0.7105263158,13.5,0.8,63,9.340146648,0,Archival
1466,0,1,0,29.831667,19.007778,68.99,430,5,99.9,31.65639804,2459,,2460,2459,,8,5,0.625,11.3,2.6,75,10.21262114,0,Archival
1466,0,1,0,29.831667,19.007778,68.99,430,5,99.9,25.83678326,2459,,2460,2459,,8,5,0.625,11.3,2.6,75,10.03617503,0,Archival
1527,0,1,1,30.550833,-0.100833,3.46,138,84,24.5,66.07,5850,5916.25,5834,5850,1.1,2.5,2,0.8,14.2,2.7,75,9.551996715,0,Archival
1888,0,1,1,36.462086,18.496111,22.72,249,2,99.9,19.28308004,1510,,1516,1510,,3.6,2.1,0.5833333333,14.3,2.5,75,9.299673138,0,Archival
1888,0,1,1,36.462086,18.496111,22.72,249,2,99.9,25.94,1510,1507.94,1516,1510,5.2,3.6,2.1,0.5833333333,14.3,2.5,75,9.557260274,0,Archival
4484,0,1,1,128.822495,28.472778,3.93,212,3,27.5,38.55,2155,2135.62,2125,2155,3.4,2.5,1.8,0.72,13.2,2.2,75,9.139353318,0,Archival
4780,0,1,0,136.664169,19.335835,7.67,129,5,40.3,48.53,3291,3283.18,3286,3291,8,1.7,1.3,0.7647058824,15,3.7,75,9.62972795,0,Archival
5129,0,1,0,144.490829,25.493889,5.45,317,4,33.2,59.98,4063,3998.64,4035,4063,1.1,1.8,0.8,0.4444444444,14.3,2.1,75,9.665321428,0,Archival
5134,0,1,1,144.532913,9.523055,22.1,341,3,99.9,38.41631802,3339,,3344,3339,,2.5,0.88,0.352,13.5,2,75,9.886335753,0,Archival
5234,0,1,1,146.706253,16.042778,9.09,344,2,47.6,85.11,6012,6002.75,6017,6012,5.4,1.7,1.1,0.6470588235,14.9,2.3,75,10.19143707,0,Archival
5280,0,1,1,147.739166,33.553886,10.39,253,4,21.4,30.9,1535,1503.06,1540,1535,4,1.5,0.9,0.6,12.6,2.2,59,9.369444509,0,Archival
5378,0,1,0,150.132919,4.407222,5.14,260,5,30,66.07,4159,4061.04,4185,4159,3.1,1.8,0.8,0.4444444444,14.2,2.4,75,9.723883736,0,Archival
5525,0,1,0,153.561676,3.466389,81.5,452,4,99.9,28.84,1232,1301.78,1299,1232,1.2,5.5,3,0.5454545455,11.9,3.3,75,10.20406012,0,Archival
5559,0,1,0,154.522919,21.830833,4.53,463,7,19,29.79,1310,1345.36,1293,1310,0.9,4.5,1.7,0.3777777778,11.9,2.3,75,8.977151211,0,Archival
5637,0,1,0,156.275833,17.160555,60.73,161,3,99.9,12.67643273,752,,754,752,,6,4,0.6666666667,13.5,2.5,75,9.362309396,0,Archival
5741,0,1,1,158.678329,11.196667,4.23,347,4,24.9,30.13809697,1389,,1422,1389,,2.8,0.35,0.125,14.1,1.8,75,8.957484022,0,Archival
5803,0,1,0,159.991257,24.091112,3.87,312,5,25.3,94.62,6315,6304.53,6288,6315,3.1,1.4,0.9,0.6428571429,14.2,1.9,75,9.912588855,0,Archival
5850,0,1,1,160.98999,11.703333,51.91,270,2,99.9,9.317323229,777,,779,777,,8.5,5,0.5882352941,11.2,3,75,9.026745356,0,Archival
5882,0,1,1,161.690414,11.819722,78.64,343,3,99.9,26.3,893,897.99,899,893,2.1,7.5,5,0.6666666667,10,2.5,75,10.108467,0,Archival
5884,0,1,0,161.761246,26.543333,6.73,276,5,40.3,91.2,6276,6323.68,6287,6276,3.2,1.2,0.8,0.6666666667,14.4,2.2,75,10.12091674,0,Archival
5887,0,1,1,161.76709,17.273056,30.04,277,2,99.9,28.84,1279,1309.84,1287,1279,5.1,2.9,1.7,0.5862068966,12.4,2.3,75,9.770602443,0,Archival
6006,0,1,0,163.350006,16.771666,36.5,99,4,99.9,24.43,1067,1067.6,1066,1067,8.8,4.19,2.3,0.5489260143,14.3,2.4,75,9.711051801,0,Archival
6328,0,1,1,169.732086,13.092222,12.22,493,4,59.6,11.65882957,803,,806,803,,9.5,2.3,0.2421052632,9.6,1.9,75,8.593293116,0,Archival
6772,0,1,1,177.013748,30.359446,10.52,413,5,21.4,105.68,6287,6297.96,6371,6287,3.7,2.3,1.8,0.7826086957,13.7,1.5,63,10.44291335,0,Archival
6872,0,1,1,178.46167,33.365276,6.44,181,1,16.8,45.92,3206,3209.35,3212,3206,6.6,1.5,0.8,0.5333333333,14.5,2.3,63,9.505801629,0,Archival
6928,0,1,0,179.337082,25.195,7.95,542,7,28.7,58.34,4499,4546.48,4532,4499,3,2.3,0.4,0.1739130435,14.4,2.3,75,9.805211981,0,Archival
6960,0,1,1,179.61499,10.020833,6.65,378,1,30.2,59.07720523,4183,,4206,4183,,2.09,0.5,0.2392344498,14.6,2.5,75,9.738573532,0,Archival
7561,0,1,0,186.799576,9.42,3.49,61,4,32,14.93,437,1327.46,432,437,1.3,3.6,1.9,0.5277777778,13.1,3.1,75,8.263857045,0,Archival
7663,0,1,0,187.845413,29.136389,12.43,369,5,76.1,66.07,4539,4513.39,4551,4539,2.1,1.6,0.9,0.5625,14.1,1.9,75,10.10739175,0,Archival
7721,0,1,0,188.536255,2.652778,98.79,358,2,99.9,13.06,1735,1378.58,1736,1735,4,6.5,2.2,0.3384615385,12.4,3.1,75,9.599511342,0,Archival
7732,0,1,0,188.612915,2.1875,77.54,325,2,99.9,15.42,1804,1378.27,1808,1804,4.3,7,2.8,0.4,12.3,3.4,75,9.638606547,0,Archival
7884,0,1,0,190.718338,13.256667,19,280,2,99.9,23.33,977,1400.69,983,977,3.6,3.2,2.2,0.6875,12.4,2.3,75,9.387495082,0,Archival
8041,0,1,1,193.802917,0.116111,22,186,2,99.9,18.49354481,1323,,1330,1323,,3.7,2.2,0.5945945946,13.6,2.9,75,9.249375012,0,Archival
8255,0,1,1,197.735428,11.476666,9.21,191,1,63.6,38.19,3365,3364.57,3399,3365,5.8,1.7,1.2,0.7058823529,14.4,2.3,75,9.50107095,0,Archival
8488,0,1,1,202.509583,13.415833,4.54,596,11,15.9,100,7363,7366.26,7384,7363,3,1.9,0.7,0.3684210526,14.7,2.5,75,10.02996786,0,Archival
8559,0,1,0,203.73291,13.832222,4.88,572,23,11.2,101.39,7025,6798.48,7007,7025,2.9,3,0.7,0.2333333333,14.5,2.3,75,10.07332207,0,Archival
8612,0,1,0,204.37291,4.103889,1.24,134,7,11.1,88.72,6939,6884.44,6920,6939,3.1,1,0.8,0.8,14.8,2.2,75,9.362376754,0,Archival
8686,0,1,0,205.917084,3.895833,4.68,438,4,21.1,97.27,6966,6968.18,6849,6966,5,1.4,0.35,0.25,15,2.3,75,10.01911569,0,Archival
9247,0,1,1,216.573334,26.246111,2.15,408,3,10.9,137.4,9073,9062.36,9015,9073,4.2,1.1,0.6,0.5454545455,15.5,2.2,75,9.981323928,0,Archival
9353,0,1,1,218.18251,9.891389,38.09,194,2,99.9,22.15608068,1368,,1371,1368,,4.5,3.3,0.7333333333,13.2,1.9,75,9.644708851,0,Archival
9356,0,1,0,218.222931,11.594722,14.78,235,2,87.2,36.40920012,2226,,2234,2226,,1.6,0.8,0.5,14.3,2.5,75,9.665008713,0,Archival
9814,0,1,1,229.855408,11.054167,4.43,189,4,30.3,50.94988827,3232,,3231,3232,,1.1,0.4,0.3636363636,14.7,2.4,75,9.433602201,0,Archival
10021,0,1,0,236.414581,28.088333,7.07,294,3,44,32.64721009,2151,,2111,2151,,1.4,0.35,0.25,14.9,2.1,75,9.250023565,0,Archival
10210,0,1,1,241.804169,7.978611,8.45,275,2,54.7,41.88,2848,2839.47,2847,2848,5.8,1.9,0.9,0.4736842105,14.1,2.1,75,9.543782058,0,Archival
11977,0,1,1,334.38916,33.255833,2.61,298,8,14.4,150.66,11290,11416.01,0,11290,8,1.2,0.9,0.75,16.5,2.3,75,10.14554844,0,Archival
11984,0,1,1,334.865021,29.395834,10.49,419,8,31.5,84.33,4578,4717.58,4718,4578,,1.8,0.8,0.4444444444,15.1,3.6,75,10.24565169,0,Archival
11994,0,1,1,335.221252,33.294724,6.92,425,4,31.8,71.45,4883,4821.92,4872,4883,4.1,2.5,0.3,0.12,15,2.3,75,9.921022564,0,Archival
12080,0,1,1,338.528351,5.57,3.71,509,1,19.6,62.23,4524,4529.88,4488,4524,2,1.8,0.9,0.5,13.4,0.6,52,9.530285515,0,Archival
12133,0,1,1,339.883759,8.612778,4.33,455,3,15.5,105.2,7423,7406.19,7391,7423,5.8,1.8,0.2,0.1111111111,15.7,1.1,66,10.05343138,0,Archival
12174,0,1,1,341.101257,-0.162222,8.38,380,7,10.8,86.7,4851,4865.44,4875,4851,0.2,1.7,1.2,0.7058823529,13.8,2.7,52,10.17219422,0,Archival
12332,0,1,1,345.815002,8.873889,1.47,306,3,15.8,63.39,4877,4843.53,4852,4877,1.1,1.6,1.1,0.6875,13,0.7,52,9.144270841,0,Archival
12353,0,1,1,346.451263,3.544722,7.38,254,3,18,86.6719724,4941,,4930,4941,,1.6,0.9,0.5625,14.3,2,52,10.11672572,0,Archival
12447,0,1,1,348.682495,4.533889,35.36,421,3,75.4,35.48,2692,2675.64,2607,2692,4.7,3.4,1.1,0.3235294118,12.7,1.8,63,10.02139148,0,Archival
12457,0,1,1,348.822083,19.041111,3.25,250,6,11.7,67.61,4689,4736.78,4672,4689,5.9,2.8,0.7,0.25,14.1,1.2,52,9.544817236,0,Archival
12527,0,1,1,350.094177,27.315277,3.01,266,19,17.2,42.03256623,4272,,4351,4272,,1,0.7,0.7,13.7,2.4,75,9.09865031,0,Archival
12614,0,1,1,352.116241,22.420834,9.89,295,2,18.3,46.77,3489,3501.74,3489,3489,4.9,2.5,1.8,0.72,12.7,2.3,52,9.708043034,0,Archival
12640,0,1,1,352.737091,15.490001,4.89,208,5,32.7,49.78214666,4015,,4009,4015,,1,0.12,0.12,15.6,2.3,75,9.456368102,0,Archival
12780,0,1,1,356.770416,29.483334,23.01,384,6,99.7,67.3,5153,5169.02,5180,5153,3.8,3.5,1.8,0.5142857143,13.2,2.6,75,10.39085875,0,Archival
12859,0,1,1,359.214569,5.508056,3.46,355,3,20,78.7,5404,5406.89,5390,5404,4,1.4,0.5,0.3571428571,15.5,1,52,9.703937566,0,Archival
110463,0,1,1,24.879999,33.824444,1.97,181,6,13,66.99,4832,4805.85,4833,4832,4.1,0.75,0.45,0.6,15.5,2.5,75,9.319398185,0,Archival
190489,0,1,0,146.644577,30.653055,2.02,364,5,10,159.22,9963,10070.98,9946,9963,3,0.77,0.55,0.7142857143,14.9,2.4,75,10.08225861,0,Archival
191256,0,1,0,144.015839,16.760279,1.99,219,26,12.9,125.2102757,8197,,8151,8197,,0.5,0.3,0.6,15.2,2.3,75,9.867045023,0,Archival
220986,0,1,1,191.190002,9.757222,2.58,393,4,13.7,206.06,13969,14007.02,13969,13969,5.2,0.5,0.33,0.66,15.6,2.1,75,10.4125191,0,Archival
230117,0,1,1,197.237488,28.280556,1.67,195,6,15.1,99.54,5852,5848.36,5849,5852,4,0.6,0.45,0.75,16.5,1.8,75,9.591623747,0,Archival
230801,0,1,1,208.536652,9.412777,1.69,146,4,12.6,94.62,6857,6554.23,6926,6857,7,1,0.7,0.7,15.6,2.5,75,9.552764595,0,Archival
240425,0,1,0,217.787079,27.237501,4.43,86,6,50.7,67.3,4457,4429.2,4480,4457,2.8,0.6,0.33,0.55,15,2.1,75,9.675345858,0,Archival
320019,0,1,1,331.286682,26.606945,3.18,249,31,18.5,96.68934138,6102,,6069,6102,,0.7,0.4,0.5714285714,15,2.4,75,9.846096327,0,Archival
330918,0,1,1,356.851685,28.393612,4.81,394,16,24.2,126.47,9022,9035.55,9028,9022,4.2,0.8,0.35,0.4375,15.1,2.2,75,10.25903212,0,Archival
740887,0,1,0,171.411667,22.831112,1.56,180,5,11,152.76,9431,9295.7,9484,9431,7.6,0.35,0.28,0.8,16.7,2.3,75,9.934055901,0,Archival
139,0,0,1,3.6325,-0.737778,11.32,291,4,15.9,52.24,3956,3960.04,3948,3956,5.2,2.4,1.3,0.5416666667,14.8,4,63,9.862764766,0,Archival
886,0,0,1,20.334583,40.488335,14.6,338,13,14.2,98.63,5854,6285.96,5859,5854,5,2.5,1.5,0.6,14,4.9,63,10.52528293,0,Archival
2855,0,0,1,57.087082,70.132782,102.53,424,2,22.2,17.86,1210,1199.12,1201,1210,5,4.6,2.2,0.4782608696,14.6,13.2,68,9.887525869,0,Archival
3122,0,0,1,69.964584,7.055,5.83,340,2,32.1,61.66,4686,4691.7,4700,4686,5.2,2.4,1.3,0.5416666667,14.8,0.9,63,9.718587599,0,Archival
3218,0,0,1,75.182922,62.244167,23.02,494,17,14,75.16,5228,5228.38,5223,5228,3.1,1.8,1,0.5555555556,15,5.3,56,10.48699087,0,Archival
3236,0,0,1,75.888336,6.656945,4.39,404,2,17.7,114.82,8514,8508.78,8508,8514,4,1.1,0.4,0.3636363636,15.6,1.2,64,10.13541161,0,Archival
3238,0,0,1,75.904167,1.572778,7.1,427,4,13,69.5,4754,4751.78,4753,4754,5.1,1.8,1.1,0.6111111111,13.5,2.4,63,9.908139961,0,Archival
3375,0,0,1,88.855835,51.910278,15.95,514,6,10.3,78.34,5793,5781.76,5794,5793,5.2,2.3,1.1,0.4782608696,14.6,4.3,63,10.36363982,0,Archival
3432,0,0,1,94.057503,57.051388,5.95,300,7,10.5,66.07,4996,4986.49,4998,4996,5.9,1.8,0.4,0.2222222222,15.5,2.8,63,9.787437582,0,Archival
3524,0,0,1,101.00251,12.401944,7.11,412,2,27.1,44.46,3922,3925.21,3997,3922,2.3,1.5,0.7,0.4666666667,16,1,64,9.52072052,0,Archival
3576,0,0,1,103.279167,50.03389,4.81,373,11,10.9,93.76,5970,5962.61,5966,5970,3,1.7,0.8,0.4705882353,14.6,2.2,56,9.999092277,0,Archival
3777,0,0,1,109.178337,29.855,12.84,275,1,36.4,56.4085866,3214,,3218,3214,,2,0.3,0.15,14.5,1.9,63,9.984167463,0,Archival
3782,0,0,1,109.42083,23.355833,30.5,344,3,37.5,36.14,2275,2464.7,2273,2275,5.8,3.7,0.5,0.1351351351,14.6,2.1,66,9.973188139,0,Archival
4195,0,0,1,121.27916,66.782784,6.51,364,4,11.1,67.92,4875,4885.95,4888,4875,3,2.1,1.1,0.5238095238,14.6,2.8,56,9.850488346,0,Archival
4966,0,0,1,140.508347,50.977501,141.22,590,1,31.1,14.52,635,668.38,631,635,2.9,7.4,3.5,0.472972973,9.9,15,71,9.846741443,0,Archival
5753,0,0,1,159.068344,37.324165,16.48,391,7,15.1,29.79,1573,1585.07,1571,1573,5.1,3.8,1.8,0.4736842105,11.5,3.8,59,9.538010217,0,Archival
6993,0,0,1,180.097916,-1.099722,29.18,334,2,22.3,21.21933347,1458,,1463,1458,,4.2,3.2,0.7619047619,12.4,5.8,52,9.491460766,0,Archival
8711,0,0,1,206.601669,46.106667,32.27,307,3,15,34.32097145,1508,,1503,1508,,4.2,0.8,0.1904761905,13,10.3,63,9.952830112,0,Archival
9201,0,0,1,215.599167,-0.388333,33.41,201,2,20.3,26.18,1638,1637.33,1641,1638,5.9,3.5,2.8,0.8,12.8,9.7,68,9.732727763,0,Archival
10738,0,0,1,257.774567,5.851944,4.8,593,4,14.2,89.13,6716,6598.08,6722,6716,4.1,1.9,0.3,0.1578947368,15.5,1.1,66,9.954201053,0,Archival
10743,0,0,1,257.877899,7.994445,4.6,214,6,14.1,36.14,2563,2550.42,2569,2563,1,1.2,0.5,0.4166666667,14.8,1.7,52,9.151646131,0,Archival
10891,0,0,1,263.101257,7.06,74.46,364,1,44.6,31.77,1665,1665.96,1673,1665,3.6,7,4.6,0.6571428571,13.2,9.7,70,10.24886946,0,Archival
11000,0,0,1,267.36084,36.145279,6.25,155,2,16.8,29.19938295,1369,,900,1369,,0.8,0.35,0.4375,14,2.6,64,9.099539368,0,Archival
11443,0,0,1,291.899597,54.372776,6.31,291,8,11.8,62.52,4361,4314.26,4315,4361,5.8,1.4,0.7,0.5,14.8,2.8,63,9.764979301,0,Archival
11589,0,0,1,308.209564,9.926945,8.87,442,1,19.1,61.66,4684,4654.45,4707,4684,2,2.2,0.6,0.2727272727,13.7,1.2,52,9.900842664,0,Archival
11590,0,0,1,308.244568,9.874445,3.36,221,7,17.5,58.88,4554,4783.6,4694,4554,2.1,1.3,0.5,0.3846153846,14.3,1.4,52,9.439186883,0,Archival
11725,0,0,1,320.257111,9.177501,2.86,309,3,11,96.83,6280,6324.9,6346,6280,8.1,1.1,0.35,0.3181818182,15.4,1.2,52,9.8012979,0,Archival
21656,0,0,1,32.325836,-23.415277,13.66,383,4,16.4,82.04,5334,5328.87,5321,5334,4.2,2.2,1.2,0.5454545455,13.2,4.7,68,10.33641401,0,Archival
25548,0,0,1,107.919579,-26.704445,43.99,327,4,19.4,41.11,2604,2588.71,2611,2604,3.1,2.6,1.7,0.6538461538,13,13.5,63,10.24416092,0,Archival
29511,0,0,1,200.182495,-22.049721,16.25,177,3,20.8,25.23,2087,1787.16,2099,2087,6.7,3.1,0.6,0.1935483871,14.7,4.9,63,9.387599869,0,Archival
31539,0,0,1,251.853729,-20.141666,9.32,230,7,11.1,118.7059041,6639,,6593,6639,,1.7,0.5,0.2941176471,0,8.1,63,10.49127256,0,Archival
33373,0,0,1,305.912506,-28.276112,12.99,218,4,10.4,32.21,3051,3055.26,2960,3051,5.9,2.2,1.5,0.6818181818,13.6,8.1,63,9.502502604,0,Archival
33399,0,0,1,306.2771,-24.808332,48.44,297,3,19.7,35.81,3169,3135.51,3186,3169,4,4.3,3.2,0.7441860465,11.9,9.5,71,10.16612478,0,Archival
35221,0,0,1,334.037506,-36.844997,8.92,423,4,13.6,45.08,3419,3418.93,3403,3419,4,3,1.6,0.5333333333,12.4,2,63,9.631244672,0,Archival
410368,0,0,1,27.765001,-9.702222,17.74,250,4,14.1,19.78904408,1830,,1829,1830,,2.7,1.3,0.4814814815,12.8,6.4,56,9.21471525,0,Archival
420126,0,0,1,37.676666,-2.939167,27.37,570,3,11.4,78.7,5741,5703.72,5738,5741,4.9,3.1,1.1,0.3548387097,13,7,68,10.60213627,0,Archival
420158,0,0,1,39.244999,-5.348889,4.87,180,4,12.2,53.20612445,4422,,4411,4422,,1.4,1,0.7142857143,13,3.3,63,9.512364216,0,Archival
420244,0,0,1,41.50042,-7.576667,67.94,301,1,30.6,21.31907453,1411,,1410,1411,,3.5,2,0.5714285714,11.5,9,63,9.862574241,0,Archival
450026,0,0,1,77.782089,-9.388611,26.31,277,3,12.4,43.38305745,2670,,2658,2670,,2.8,0.6,0.2142857143,0,11.5,68,10.06767316,0,Archival
450069,0,0,1,83.200836,-14.0625,21.64,452,3,12.8,49.43,3129,3128.73,3143,3129,4.4,4.5,2.4,0.5333333333,0,5.1,68,10.09615048,0,Archival
480005,0,0,1,121.407913,-11.427778,16.51,221,2,15,24.89,1580,1581.08,1586,1580,5.1,3.1,2.1,0.6774193548,12.1,7,68,9.382708869,0,Archival
480050,0,0,1,129.505005,-9.819445,4.81,397,7,11.6,69.89943124,4313,,4800,4313,,1.2,0.6,0.5,0,2.4,63,9.744004363,0,Archival
510059,0,0,1,171.259583,-9.794723,59.75,383,0,16.5,27.29,1871,1860.03,1861,1871,5,4.5,2.1,0.4666666667,11.7,11.1,71,10.02125698,0,Archival
510156,0,0,1,177.270828,-9.729722,5.61,209,9,10.4,85.51,5764,5772.15,5758,5764,4.7,2.1,1.5,0.7142857143,0,4.9,63,9.985908677,0,Archival
530120,0,0,1,200.453751,-13.205,14.28,215,2,14.8,44.44348904,2903,,2904,2903,,2.2,1.6,0.7272727273,13,5.9,63,9.823256502,0,Archival
550017,0,0,1,227.317505,-11.322222,32.54,326,2,28.4,27.93,1854,1851.83,1855,1854,5,3.3,1.8,0.5454545455,12.3,5,63,9.777471423,0,Archival
630233,0,0,1,354.702911,-6.517777,52.38,309,1,34,27.54,2017,2013.26,2015,2017,4.9,3.9,1.6,0.4102564103,12.3,6.8,63,9.972005369,0,Archival
3611,0,0,0,104.299164,20.437222,0,0,0,0,70.79,4983,4979.93,4983,0,0,1,0.5,0.5,15.1,0,0,-9,8.520036016,GBT22A_430
3634,0,0,0,105.402916,14.134722,0,0,0,0,112.2,7891,7883.72,7891,0,1,1.1,0.8,0.7272727273,15.5,0,65,-9,8.920077905,GBT22A_430
4455,0,0,0,127.886665,-1.198056,0,0,0,0,125.31,9299,9304.54,9299,0,1,1,0.8,0.8,15,0,0,-9,9.016063651,GBT22A_430
4510,0,0,0,130.210007,73.486382,0,0,0,0,51.76,3623,3587.54,3623,0,0.4,1.4,0.5,0.3571428571,14.5,0,0,-9,8.248080726,GBT22A_430
5066,0,0,0,142.782913,46.384167,0,0,0,0,73.45,5063,5063.86,5063,0,4.1,1.2,0.7,0.5833333333,15.5,0,0,-9,8.552075791,GBT22A_430
5645,0,0,0,156.797485,71.417496,0,0,0,0,194.09,10493,10492.65,10493,0,3.1,1.2,0.35,0.2916666667,16,0,0,-9,9.396098511,GBT22A_430
6015,0,0,0,163.509995,46.0275,0,0,0,0,177.83,12468,12449.57,12468,0,5.8,1,0.8,0.8,14.9,0,0,-9,9.320102248,GBT22A_430
10244,0,0,0,242.48082,43.128887,0,0,0,0,129.42,9777,9851.87,9777,0,3.8,1.2,0.15,0.125,15.4,0,0,-9,9.044094982,GBT22A_430
10483,0,0,0,248.62001,76.029167,0,0,0,0,170.61,12202,12192.26,12202,0,3.8,1.2,0.5,0.4166666667,16,0,0,-9,9.284101157,GBT22A_430
11260,0,0,0,277.605011,34.102776,0,0,0,0,93.33,6266,6123.55,6266,0,1.1,1.3,1,0.7692307692,15.5,0,0,-9,8.760134723,GBT22A_430
20503,0,0,0,11.384167,-26.564722,0,0,0,0,85.10457318,6831,6831,6831,0,,1.2,0.8,0.6666666667,15,0,0,-9,8.679997987,GBT22A_430
21306,0,0,0,25.087919,-28.913889,0,0,0,0,80.79433523,5462,5624,5462,0,,1.3,1,0.7692307692,13.7,0,0,-9,8.634854015,GBT22A_430
22318,0,0,0,46.31583,-39.56139,0,0,0,0,82.41,6045,6053.44,6045,0,3.7,1.2,0.4,0.3333333333,15.7,0,0,-9,8.652052019,GBT22A_430
23036,0,0,0,5860.33%,-1919.03%,0,0,0,0,102.8,6497,7490.75,6497,0,3.2,1.1,0.5,0.4545454545,14.9,0,0,-9,8.84407842,GBT22A_430
23161,0,0,0,61.119999,-17.905832,0,0,0,0,119.1646133,8115,8115,8115,0,,2,0.4,0.2,15.3,0,0,-9,8.972386807,GBT22A_430
24007,0,0,0,76.284584,-18.987223,0,0,0,0,91.44222775,7801,7801,7801,0,,1.6,0.7,0.4375,15.5,0,0,-9,8.742385787,GBT22A_430
24223,0,0,0,80.571671,-25.603056,0,0,0,0,112.2,9407,9366.67,9407,0,4,1.1,0.4,0.3636363636,15.7,0,0,-9,8.920077905,GBT22A_430
25281,0,0,0,100.262917,-38.035557,0,0,0,0,138.68,10195,10187.38,10195,0,1.5,1.5,0.6,0.4,14.9,0,0,-9,9.104119857,GBT22A_430
26744,0,0,0,149.736237,-18.818335,0,0,0,0,148.7806316,12224,12254,12224,0,,1,0.6,0.6,15.7,0,0,-9,9.165184987,GBT22A_430
27869,0,0,0,170.921661,-22.270834,0,0,0,0,114.82,8314,8180.57,8314,0,3.2,1,0.6,0.6,0,0,0,-9,8.940127276,GBT22A_430
27994,0,0,0,174.497513,-32.325001,0,0,0,0,131.83,8819,8804.69,8819,0,3.8,1.7,1.3,0.7647058824,14.1,0,0,-9,9.060120695,GBT22A_430
29613,0,0,0,201.385834,-24.653055,0,0,0,0,136.77,9952,9951.7,9952,0,5,1.1,0.3,0.2727272727,16,0,0,-9,9.092073885,GBT22A_430
30270,0,0,0,209.571655,-23.371666,0,0,0,0,139.32,10970,10797.17,10970,0,2.7,1.4,0.7,0.5,15.7,0,0,-9,9.108119123,GBT22A_430
32512,0,0,0,291.08374,-25.985001,0,0,0,0,79.07,6093,6156.87,6093,0,2.2,1.2,0.8,0.6666666667,16,0,0,-9,8.616115669,GBT22A_430
36444,0,0,0,358.688324,-25.673056,0,0,0,0,101.86,9091,9090.61,9091,0,4.6,1.5,1.1,0.7333333333,15.8,0,0,-9,8.836099535,GBT22A_430
36511,0,0,0,359.632507,-18.71389,0,0,0,0,143.88,10206,10199.16,10206,0,2,1.4,0.7,0.5,15.5,0,0,-9,9.136093049,GBT22A_430
103059,0,0,0,8.793333,23.254999,0,0,0,0,165.96,11032,11034.13,11032,0,,0.7,0.3,0.4285714286,17,0,0,-9,9.260099043,GBT22A_430
111609,0,0,0,21.775417,19.116388,0,0,0,0,208.93,12924,12925.03,12924,0,,0.3,0.2,0.6666666667,17.2,0,0,-9,9.4600938,GBT22A_430
111724,0,0,0,27.427916,32.625275,0,0,0,0,159.96,11281,11355.92,11281,0,,0.6,0.25,0.4166666667,16.3,0,0,-9,9.228114982,GBT22A_430
114578,0,0,0,21.093334,3.588055,0,0,0,0,101.86,7381,7376.77,7381,0,,0.4,0.3,0.75,16.8,0,0,-9,8.836099535,GBT22A_430
116545,0,0,0,17.954584,14.640833,0,0,0,0,172.98,11692,11685.13,11692,0,,0.18,0.12,0.6666666667,18,0,0,-9,9.296083977,GBT22A_430
116546,0,0,0,15.399166,17.101112,0,0,0,0,123.03,9275,9274.78,9275,0,,0.2,0.15,0.75,18,0,0,-9,9.000114239,GBT22A_430
120570,0,0,0,43.569168,42.725555,0,0,0,0,88.72,6331,6332.6,6331,0,4.6,0.7,0.3,0.4285714286,14.7,0,0,-9,8.716135257,GBT22A_430
121124,0,0,0,42.2925,14.600834,0,0,0,0,116.41,8727,8727.42,8727,0,,0.25,0.2,0.8,16.4,0,0,-9,8.95207277,GBT22A_430
125814,0,0,0,34.576668,37.464447,0,0,0,0,159.22,8994,11671.4,8994,0,4.8,0.8,0.6,0.75,15.8,0,0,-9,9.22408743,GBT22A_430
125815,0,0,0,43.237503,1.606389,0,0,0,0,202.3,10794,10794.21,10794,0,,0.4,0.18,0.45,17,0,0,-9,9.432083957,GBT22A_430
125817,0,0,0,33.993748,12.237223,0,0,0,0,77.27,5773,5772.64,5773,0,,0.18,0.1,0.5555555556,18,0,0,-9,8.596114016,GBT22A_430
131345,0,0,0,51.504585,40.694725,0,0,0,0,64.27,4195,5454.02,4195,0,,0.5,0.25,0.5,17.3,0,0,-9,8.436108791,GBT22A_430
151168,0,0,0,86.936249,53.606667,0,0,0,0,120.23,7920,7920.41,7920,0,,0.5,0.4,0.8,17,0,0,-9,8.980117885,GBT22A_430
160387,0,0,0,102.65667,31.123056,0,0,0,0,79.43,5462,5563.86,5462,0,3.8,0.45,0.22,0.4888888889,0,0,0,-9,8.620061316,GBT22A_430
160904,0,0,0,99.31958,49.849998,0,0,0,0,89.54,5786,5791.2,5786,0,,0.8,0.6,0.75,16.5,0,0,-9,8.724126371,GBT22A_430
175126,0,0,0,112.572083,25.031666,0,0,0,0,188.8,12799,12798.81,12799,0,,0.18,0.12,0.6666666667,19,0,0,-9,9.372096171,GBT22A_430
180952,0,0,0,122.931244,41.555,0,0,0,0,142.56,9458,9452.34,9458,0,0.5,0.7,0.45,0.6428571429,15.3,0,0,-9,9.128087564,GBT22A_430
184750,0,0,0,121.331665,22.964167,0,0,0,0,177.83,13414,13461.98,13414,0,5,0.29,0.12,0.4137931034,18,0,0,-9,9.320102248,GBT22A_430
191474,0,0,0,137.387909,50.282776,0,0,0,0,71.45,4888,5015.2,4888,0,2.5,0.6,0.15,0.25,0,0,0,-9,8.528096657,GBT22A_430
198643,0,0,0,146.263336,64.2575,0,0,0,0,80.54,5298,5333.07,5298,0,1.3,0.6,0.2,0.3333333333,15.7,0,0,-9,8.632115442,GBT22A_430
200048,0,0,0,151.436249,10.275,0,0,0,0,91.62,7160,7176.77,7160,0,0,1.1,0.66,0.6,15.5,0,0,-9,8.744072766,GBT22A_430
200208,0,0,0,153.925842,55.667225,0,0,0,0,111.69,7254,7294.8,7254,0,3,0.8,0.6,0.75,0,0,0,-9,8.916120773,GBT22A_430
204982,0,0,0,162.031265,0.167222,0,0,0,0,166.72,11758,11868.89,11758,0,3,0.51,0.36,0.7058823529,15.9,0,0,-9,9.264067594,GBT22A_430
206431,0,0,0,156.674988,36.681389,0,0,0,0,110.66,7387,7520.38,7387,0,7.1,0.41,0.25,0.6097560976,17.2,0,0,-9,8.908073523,GBT22A_430
207676,0,0,0,159.383347,65.018333,0,0,0,0,96.83,6757,6746.12,6757,0,5,0.7,0.32,0.4571428571,15.4,0,0,-9,8.792112055,GBT22A_430
215538,0,0,0,169.452515,13.727777,0,0,0,0,97.72,7462,7463.09,7462,0,5.9,0.48,0.34,0.7083333333,16.3,0,0,-9,8.800059108,GBT22A_430
219861,0,0,0,165.332916,70.665276,0,0,0,0,132.43,9245,9244.77,9245,0,,0.3,0.22,0.7333333333,17,0,0,-9,9.064064949,GBT22A_430
222248,0,0,0,193.707077,58.882221,0,0,0,0,46.34,2580,2580.12,2580,0,0,0.6,0.25,0.4166666667,15.1,0,0,-9,8.15200425,GBT22A_430
226495,0,0,0,191.603333,11.949445,0,0,0,0,188.8,13748,13739.18,13748,0,3.1,0.68,0.1,0.1470588235,17.5,0,0,-9,9.372096171,GBT22A_430
229559,0,0,0,181.336655,40.945557,0,0,0,0,194.98,13791,13488.9,13791,0,,0.25,0.17,0.68,18,0,0,-9,9.400072323,GBT22A_430
239288,0,0,0,203.055008,84.678612,0,0,0,0,106.17,7176,7175.95,7176,0,,0.2,0.14,0.7,18,0,0,-9,8.872095826,GBT22A_430
239289,0,0,0,204.198349,5.1425,0,0,0,0,148.59,13569,13567.03,13569,0,,0.5,0.2,0.4,17,0,0,-9,9.164071356,GBT22A_430
256294,0,0,0,230.671661,50.976665,0,0,0,0,152.05,10417,10478.55,10417,0,10,0.28,0.15,0.5357142857,18,0,0,-9,9.18406504,GBT22A_430
257439,0,0,0,238.232086,65.935555,0,0,0,0,165.2,10920,10923.37,10920,0,4.2,0.65,0.13,0.2,17,0,0,-9,9.256112277,GBT22A_430
260804,0,0,0,252.463364,40.433334,0,0,0,0,127.06,8863,8666.15,8863,0,6,0.55,0.31,0.5636363636,15.7,0,0,-9,9.028109893,GBT22A_430
270260,0,0,0,266.035828,40.867222,0,0,0,0,167.49,12108,11781.39,12108,0,2.7,0.6,0.4,0.6666666667,15,0,0,-9,9.268069956,GBT22A_430
270462,0,0,0,257.996246,46.556667,0,0,0,0,101.86,6892,6891.68,6892,0,,0.6,0.4,0.6666666667,16.5,0,0,-9,8.836099535,GBT22A_430
272733,0,0,0,269.874176,43.391945,0,0,0,0,110.66,7656,7655.99,7656,0,4.2,0.9,0.4,0.4444444444,16,0,0,-9,8.908073523,GBT22A_430
272734,0,0,0,263.907928,8.810834,0,0,0,0,179.47,10663,10663.29,10663,0,,0.4,0.3,0.75,17,0,0,-9,9.328075917,GBT22A_430
272735,0,0,0,259.328339,33.463055,0,0,0,0,128.23,9102,9013.93,9102,0,3.5,0.8,0.22,0.275,17,0,0,-9,9.036071476,GBT22A_430
272736,0,0,0,256.066681,41.510277,0,0,0,0,154.88,9893,9892.53,9893,0,,0.2,0.14,0.7,18,0,0,-9,9.200082871,GBT22A_430
272737,0,0,0,259.458344,40.881111,0,0,0,0,133.66,9401,9294.55,9401,0,,0.35,0.15,0.4285714286,17.5,0,0,-9,9.072095105,GBT22A_430
272738,0,0,0,260.923737,30.497499,0,0,0,0,95.94,7009,7105.01,7009,0,,0.18,0.12,0.6666666667,19,0,0,-9,8.784091619,GBT22A_430
272739,0,0,0,263.667084,26.304998,0,0,0,0,100.4936985,8600,8600,8600,0,,0.22,0.15,0.6818181818,17.5,0,0,-9,8.824369851,GBT22A_430
290421,0,0,0,289.865845,44.246944,0,0,0,0,147.0423483,12600,12600,12600,0,,0.2,0.15,0.75,18.5,0,0,-9,9.154977051,GBT22A_430
310069,0,0,0,320.177094,44.399723,0,0,0,0,56.49,3988,3894.22,3988,0,9,0.8,0.5,0.625,15.6,0,0,-9,8.324035341,GBT22A_430
310983,0,0,0,320.920837,33.118889,0,0,0,0,231.21,14821,14821.23,14821,0,,0.5,0.4,0.8,17,0,0,-9,9.548105418,GBT22A_430
311262,0,0,0,324.922089,24.404999,0,0,0,0,159.96,11092,11506.12,11092,0,,0.6,0.4,0.6666666667,16,0,0,-9,9.228114982,GBT22A_430
311400,0,0,0,318.095856,14.779166,0,0,0,0,139.32,9068,9068.13,9068,0,,0.3,0.2,0.6666666667,18,0,0,-9,9.108119123,GBT22A_430
321738,0,0,0,334.049591,37.474445,0,0,0,0,83.56,5402,5854.06,5402,0,2,0.8,0.3,0.375,15.8,0,0,-9,8.664089054,GBT22A_430
323628,0,0,0,333.669586,5.078611,0,0,0,0,94.19,7791,7758.36,7791,0,,0.6,0.3,0.5,16.5,0,0,-9,8.768101785,GBT22A_430
323629,0,0,0,343.353333,4.799444,0,0,0,0,115.88,7256,7255.52,7256,0,,0.5,0.35,0.7,16,0,0,-9,8.948109164,GBT22A_430
323630,0,0,0,336.381653,38.983891,0,0,0,0,129.42,9543,9542.75,9543,0,,0.5,0.28,0.56,17,0,0,-9,9.044094982,GBT22A_430
323632,0,0,0,330.456238,13.055555,0,0,0,0,122.46,9346,9346.21,9346,0,,0.2,0.12,0.6,18,0,0,-9,8.996080701,GBT22A_430
331536,0,0,0,354.485413,27.276667,0,0,0,0,121.34,8394,8394.88,8394,0,,0.18,0.12,0.6666666667,18.3,0,0,-9,8.988100172,GBT22A_430
337143,0,0,0,349.76004,13.790556,0,0,0,0,202.3,14690,14869.22,14690,0,,0.2,0.14,0.7,18,0,0,-9,9.432083957,GBT22A_430
337144,0,0,0,355.059143,26.202778,0,0,0,0,150.66,9593,9245.82,9593,0,,0.5,0.18,0.36,16.5,0,0,-9,9.176088117,GBT22A_430
400635,0,0,0,14.075417,-1.625833,0,0,0,0,195.88,13422,13412.39,13422,0,,0.4,0.3,0.75,0,0,0,-9,9.404072382,GBT22A_430
411448,0,0,0,24.652916,-4.682777,0,0,0,0,202.3,14625,14830.81,14625,0,5,0.75,0.6,0.8,16,0,0,-9,9.432083957,GBT22A_430
411450,0,0,0,23.562084,-17.810278,0,0,0,0,181.97,13291,13291.45,13291,0,,0.22,0.16,0.7272727273,17.2,0,0,-9,9.340091781,GBT22A_430
421112,0,0,0,35.804996,-4.517222,0,0,0,0,76.21,5393,5348.07,5393,0,3.2,0.7,0.4,0.5714285714,15.8,0,0,-9,8.584116114,GBT22A_430
421115,0,0,0,37.766666,-20.146111,0,0,0,0,128.82,9903,9902.82,9903,0,,0.6,0.15,0.25,17,0,0,-9,9.040058781,GBT22A_430
431482,0,0,0,57.430416,-3.259722,0,0,0,0,55.21,3855,3855.68,3855,0,,0.8,0.2,0.25,16.5,0,0,-9,8.304127685,GBT22A_430
431483,0,0,0,45.385002,-15.0175,0,0,0,0,130.02,9225,9225.08,9225,0,,0.5,0.3,0.6,17,0,0,-9,9.048112514,GBT22A_430
440420,0,0,0,74.248337,-4.756945,0,0,0,0,54.45,3936,3884.35,3936,0,3.1,0.9,0.6,0.6666666667,15,0,0,-9,8.292087959,GBT22A_430
440970,0,0,0,61.561668,-8.886389,0,0,0,0,160.69,11006,11473.06,11006,0,5,0.6,0.3,0.5,16,0,0,-9,9.232069893,GBT22A_430
450525,0,0,0,79.394165,-23.783611,0,0,0,0,118.58,9393,9392.68,9393,0,,0.2,0.14,0.7,19,0,0,-9,8.968115083,GBT22A_430
460362,0,0,0,90.818336,-26.898611,0,0,0,0,133.05,9638,9637.8,9638,0,,0.5,0.35,0.7,16.5,0,0,-9,9.068121949,GBT22A_430
460363,0,0,0,92.87709,-16.485834,0,0,0,0,100,5673,5670.61,5673,0,,0.8,0.3,0.375,15.8,0,0,-9,8.820092191,GBT22A_430
480379,0,0,0,128.238754,-3.858333,0,0,0,0,129.42,9169,9029.58,9169,0,2,0.6,0.4,0.6666666667,16,0,0,-9,9.044094982,GBT22A_430
480381,0,0,0,128.759171,-8.336945,0,0,0,0,178.65,12902,12902.32,12902,0,,0.4,0.25,0.625,17,0,0,-9,9.324098232,GBT22A_430
490778,0,0,0,146.134171,-12.306667,0,0,0,0,207.97,13922,13713.51,13922,0,,0.5,0.3,0.6,16.5,0,0,-9,9.456093575,GBT22A_430
490781,0,0,0,149.827927,-19.473057,0,0,0,0,66.68,3650,3762.12,3650,0,,0.45,0.25,0.5555555556,30,0,0,-9,8.468083373,GBT22A_430
501715,0,0,0,159.147507,-7.112778,0,0,0,0,137.4,8214,8573.37,8214,0,2.2,1,0.2,0.2,15.1,0,0,-9,9.096065657,GBT22A_430
501818,0,0,0,150.897919,-35.461391,0,0,0,0,236.59,14718,14668.17,14718,0,,0.4,0.25,0.625,16.5,0,0,-9,9.56808496,GBT22A_430
501819,0,0,0,162.202499,-20.262222,0,0,0,0,59.16,3904,3903.7,3904,0,,0.6,0.4,0.6666666667,0,0,0,-9,8.364148522,GBT22A_430
520167,0,0,0,192.421661,-11.092777,0,0,0,0,59.7,4103,4327.26,4103,0,2.1,1.4,1,0.7142857143,0,0,0,-9,8.372040853,GBT22A_430
520432,0,0,0,183.546661,-0.831389,0,0,0,0,89.95,7417,7445.59,7417,0,4.9,1.3,0.6,0.4615384615,15.4,0,0,-9,8.728094526,GBT22A_430
521469,0,0,0,181.353745,-21.399166,0,0,0,0,136.14,9575,9563.94,9575,0,,0.6,0.45,0.75,16,0,0,-9,9.088063684,GBT22A_430
531590,0,0,0,203.175842,-21.801111,0,0,0,0,114.29,8835,8427.73,8835,0,,0.5,0.3,0.6,16.5,0,0,-9,8.936108656,GBT22A_430
531591,0,0,0,207.454575,-3.08,0,0,0,0,207.01,14033,14073.6,14033,0,,0.3,0.15,0.5,18,0,0,-9,9.452074842,GBT22A_430
531592,0,0,0,135.055008,-13.634444,0,0,0,0,125.89,9228,9228.08,9228,0,,0.35,0.2,0.5714285714,18,0,0,-9,9.020074658,GBT22A_430
531593,0,0,0,205.845825,-19.943888,0,0,0,0,131.83,9142,9142.22,9142,0,,0.4,0.3,0.75,17,0,0,-9,9.060120695,GBT22A_430
540155,0,0,0,224.137497,-2.106389,0,0,0,0,102.33,6876,6934.22,6876,0,,1,0.5,0.5,15.1,0,0,-9,8.840098139,GBT22A_430
540314,0,0,0,215.243332,-22.756666,0,0,0,0,119.12,7795,8094.96,7795,0,,0.6,0.3,0.5,16,0,0,-9,8.972061561,GBT22A_430
540932,0,0,0,211.884995,-26.551666,0,0,0,0,197.7,13799,13781.37,13799,0,,0.25,0.2,0.8,17.5,0,0,-9,9.41210553,GBT22A_430
550256,0,0,0,236.37709,-13.151667,0,0,0,0,124.17,8550,8845.53,8550,0,,0.4,0.28,0.7,16,0,0,-9,9.008125553,GBT22A_430
560035,0,0,0,244.140808,-0.588889,0,0,0,0,78.7,4936,4927.26,4936,0,10,0.6,0.2,0.3333333333,15.5,0,0,-9,8.612041656,GBT22A_430
610146,0,0,0,330.01001,-30.184721,0,0,0,0,67.3,5187,5128.06,5187,0,4.4,1.4,0.6,0.4285714286,15.7,0,0,-9,8.47612232,GBT22A_430
610773,0,0,0,317.280823,-18.102222,0,0,0,0,89.54,6367,6366.86,6367,0,,0.3,0.22,0.7333333333,18,0,0,-9,8.724126371,GBT22A_430
610776,0,0,0,322.174194,-0.067222,0,0,0,0,191.36601,11992,12000,11992,0,,0.18,0.12,0.6666666667,19,0,0,-9,9.383821795,GBT22A_430
630249,0,0,0,355.469147,-8.648055,0,0,0,0,143.88,10282,10412.2,10282,0,2.7,1.5,0.3,0.2,14,0,0,-9,9.136093049,GBT22A_430
630902,0,0,0,346.665009,-12.573334,0,0,0,0,153.46,9921,10251.5,9921,0,,0.4,0.3,0.75,16.7,0,0,-9,9.192082579,GBT22A_430
716159,0,0,0,226.511246,7.561389,0,0,0,0,160.69,11297,11546.2,11297,0,1.3,0.21,0.08,0.380952381,16.4,0,0,-9,9.232069893,GBT22A_430
729972,0,0,0,350.329987,0.258889,0,0,0,0,121.7118652,9212,9000,9212,0,,0.33,0.12,0.3636363636,16.5,0,0,-9,8.990758027,GBT22A_430
2164,0,0,0,40.28875,43.682224,4.4,394,28,4.7,97.27,6854,7395.09,0,6854,4,1.3,0.4,0.3076923077,15.6,0,36,9.992322511,8.796050023,GBT22A_430
2561,0,0,0,47.428337,40.974167,1.23,245,50,2.3,78.34,6025,6032.04,6025,5821,3.1,1.2,0.18,0.15,15.5,2.9,56,9.250784249,8.608059325,GBT22A_430
3151,0,0,0,71.331665,11.067778,1.3,481,0,3.5,58.88,4622,4364.7,4377,4622,4,1.1,0.25,0.2272727273,16.5,0,43,9.026790958,8.360027794,GBT22A_430
3232,0,0,0,75.826256,18.452501,12.45,404,8,0,56.4592967,5009,4964.1,5010,5009,,1.1,0.5,0.4545454545,17,1.1,54,9.971552282,8.323563119,GBT22A_430
3376,0,0,0,88.669579,15.171111,5.39,133,8,0,64.20129909,3952,3913.1,3938,3952,,1.1,0.8,0.7272727273,15.5,1,54,9.7195884,8.435179823,GBT22A_430
3738,0,0,0,108.0625,7.24,0.7,411,36,2.5,127.64,8496,8570.75,8497,8496,3.8,1.1,0.6,0.5454545455,15.2,0,36,9.429983634,9.032065782,GBT22A_430
3770,0,0,0,108.870834,23.428055,6.11,348,7,0,89.95,6378,6373.6,6378,6378,9.8,1.3,0.8,0.6153846154,15.4,2.2,19,10.06695555,8.728094526,GBT22A_430
3845,0,0,0,111.677917,47.094166,5.1,227,22,6.2,47.21,3034,3039.06,3032,3034,3.7,1.6,1.1,0.6875,13.6,0,36,9.42855018,8.168160192,GBT22A_430
4133,0,0,0,120.036247,56.365276,1.1,258,74,3.3,124.17,8905,8889.01,9130,8905,5.9,1.8,0.1,0.05555555556,16,0,36,9.60233805,9.008125553,GBT22A_430
4481,0,0,0,128.638336,-2.546667,2.1,458,30,5,82.41,4222,4222.61,4159,4222,3,2.3,1.4,0.6086956522,13.5,0,36,9.527091126,8.652052019,GBT22A_430
4614,0,0,0,132.318756,36.119442,5.9,173,8,0,120.23,7556,7547,7557,7556,3,1.2,0.8,0.6666666667,14.3,2.8,54,10.30378971,8.980117885,GBT22A_430
4664,0,0,0,133.693329,39.538334,3.9,362,0,0,53.46,3991,3982.16,4048,3991,1.1,1.6,1,0.625,13.9,0,-1,9.420034519,8.2761501,GBT22A_430
5322,0,0,0,148.967499,69.680275,42.5,0,0,0,4.45,267,203.42,253,267,7.2,13,6,0.4615384615,9.2,0,-1,8.298020955,6.116812213,GBT22A_430
5609,0,0,0,156.092911,78.608612,11.4,130,10,0,52.48,2775,2779.05,2754,2775,3.3,1.1,0.7,0.6363636364,14.5,0,-1,9.869804507,8.260079844,GBT22A_430
5814,0,0,0,160.659164,77.494438,15.8,311,8,0,154.88,1881,10736.95,10778,1881,2,1.6,0.9,0.5625,15,0,-1,10.95155977,9.200082871,GBT22A_430
7847,0,0,0,190.27417,50.393612,15.7,459,6,0,82.79,4650,4656.49,4639,4650,3.1,3.1,0.5,0.1612903226,14.2,0,-1,10.40476742,8.656047956,GBT22A_430
7935,0,0,0,191.38208,54.737221,5.3,396,0,0,73.45,4798,4815.67,4806,4798,3,1.6,0.5,0.3125,15.4,0,-1,9.829171473,8.552075791,GBT22A_430
9391,0,0,0,218.653748,59.337498,8.84,140,15,0,36.81,1921,1895.71,1921,1921,8.1,1.8,1.1,0.6111111111,15.5,0,2,9.451295903,7.952023826,GBT22A_430
9419,0,0,0,219.310837,38.453888,3.7,303,17,8.2,56.75,3679,3744.74,3646,3679,3.1,1.9,1,0.5263157895,14,0,36,9.449045459,8.328023923,GBT22A_430
11097,0,0,0,270.601685,26.044167,4.61,335,11,10.3,66.07,4598,4588.93,4552,4598,6,1.4,0.4,0.2857142857,14.6,0,43,9.676621542,8.460100805,GBT22A_430
11128,0,0,0,272.335815,18.297499,0.67,75,0,5.8,81.66,5331,5412.66,5474,5331,2,1.1,0.2,0.1818181818,15.2,0,43,9.023005557,8.644110942,GBT22A_430
11409,0,0,0,287.656219,37.655281,1.28,447,0,3.8,116.41,8347,8577.76,0,8347,3.5,1.2,0.2,0.1666666667,16.5,0,43,9.612102551,8.95207277,GBT22A_430
11560,0,0,0,306.607086,2.909445,3.1,347,55,3,85.11,4961,5144.14,4965,4961,2.9,1,0.6,0.6,14.5,0,36,9.724234878,8.680053372,GBT22A_430
22699,0,0,0,53.401665,-36.140278,139.75,403,20,0,16.9,1639,1635.24,1636,1639,3.2,14,10,0.7142857143,10.1,0,2,9.974037229,7.2758656,GBT22A_430
26706,0,0,0,148.787506,-33.137222,43.52,331,25,0,37.58896398,3018,3014,3018,3018,,4.5,3.6,0.8,12.6,0,2,10.1617216,7.970212903,GBT22A_430
28810,0,0,0,191.87793,-39.570831,15.98,420,4,8.3,64.27,4649,3470.68,4792,4649,4.9,3.3,1.4,0.4242424242,13.3,6.9,29,10.19250538,8.436108791,GBT22A_430
29960,0,0,0,204.98291,-31.641945,43.11,100,10,0,3.25,417,436.86,417,417,8.9,6,2,0.3333333333,11.2,0,2,8.031256748,5.843858913,GBT22A_430
34954,0,0,0,330.407928,-21.511944,5.9,373,34,3.2,73.11,5189,5155.02,5154,5189,3.4,1.8,0.3,0.1666666667,15.1,0,36,9.871717582,8.548045759,GBT22A_430
35788,0,0,0,344.171661,-36.772778,20.3,212,12,0,19.8601263,2102,2103,2050,2102,,3.6,2,0.5555555556,13.8,0,25,9.276372053,7.416056203,GBT22A_430
35810,0,0,0,344.47876,-35.858055,42.68,268,4,9.3,24.32,1926,1716.47,1858,1926,5.8,4,0.9,0.225,13,22.7,29,9.775063555,7.592019332,GBT22A_430
140442,0,0,0,71.356667,18.418055,0.89,303,3,0,58.78836149,4639,4500,0,4639,,0.9,0.45,0.5,17,3.3,41,8.860884722,8.358674903,GBT22A_430
240937,0,0,0,223.662918,42.023888,11.44,0,0,0,40.59527446,2510,2518,2518,2510,,0.8,0.6,0.75,14.8,0,-1,9.648288991,8.037043155,GBT22A_430
300486,0,0,0,313.64624,56.498055,7.58,330,3,26.3,101.3880275,4446,9000,4384,4446,,0.5,0.25,0.5,18,0,47,10.26455456,8.832065539,GBT22A_430
430063,0,0,0,47.201252,-7.040555,4.29,439,6,11.6,122.46,9014,8680.67,8687,9014,1.4,1.4,0.4,0.2857142857,10,0,43,10.18135781,8.996080701,GBT22A_430
430359,0,0,0,53.755417,-24.933332,56.5,412,10,0,21.98,1472,1629.17,1463,1472,1.1,5.6,4.2,0.75,11.5,0,2,9.809015827,7.504147567,GBT22A_430
430428,0,0,0,55.567501,-4.730834,4.79,0,75,0,58.61,4218,4204.39,4204,4218,3.1,1.4,1,0.7142857143,0,0,-1,9.589190959,8.356035634,GBT22A_430
430559,0,0,0,57.272499,-3.060555,1.29,258,0,4.8,39.05452427,4057,4028,4021,4057,,1.6,0.4,0.25,0,0,43,8.666844417,8.003434895,GBT22A_430
460003,0,0,0,91.140419,-12.620556,20.8,280,14,5.8,32.36,2215,2213.49,2215,2215,3,2.7,0.5,0.1851851852,14,0,36,9.710992364,7.840109217,GBT22A_430
490057,0,0,0,139.04541,-16.313055,0.9,290,86,1.6,30.48,2368,2367.12,2514,2368,1.1,2.7,1,0.3703703704,12.8,1.7,36,8.295184438,7.788122116,GBT22A_430
490064,0,0,0,140.095413,-7.881389,12.9,377,22,8.8,53.02986847,3440,3439,3448,3440,,1.8,0.9,0.5,13.5,0,36,9.932542813,8.269133291,GBT22A_430
500202,0,0,0,162.574173,-12.109167,4.7,575,19,4.5,69.82,4606,4603.1,4551,4606,2.2,2.3,0.5,0.2173913043,14,0,36,9.73296955,8.50805188,GBT22A_430
520068,0,0,0,187.767075,-8.053889,34.3,235,30,0,18.63163716,1037,1091,1037,1037,,4.5,3.1,0.6888888889,11.7,0,2,9.448708159,7.360594227,GBT22A_430
550056,0,0,0,230.38501,-7.377223,35.5,168,7,0,29.79,1928,1920.87,1904,1928,3.1,1.7,1,0.5882352941,0,0,39,9.871281362,7.768233197,GBT22A_430
630248,0,0,0,355.447083,-3.668889,1.6,166,49,5.7,92.9,6601,6729.52,6852,6601,5.1,2,0.4,0.2,14.5,0,36,9.513063414,8.756123619,GBT22A_430
646,0,0,0,15.859582,32.236946,0.7,378,6,5.9,59.7,5298,5066.47,5319,5298,2.5,2,1,0.5,15,0.6,63,8.769958705,,GBT22A_430
1324,0,0,0,27.901251,19.103334,3.83,437,3,8.8,139.96,10088,10090.75,10059,10088,3,1.6,1.1,0.6875,14.6,1.6,52,10.24811864,,GBT22A_430
1993,0,0,0,37.916252,39.378056,7.88,488,11,9,119.67,8019,8012.94,8005,8019,3.2,2.4,0.6,0.25,14.3,3.1,56,10.4254088,,GBT22A_430
2353,0,0,0,43.213753,42.205002,1.11,184,79,3.2,50.74374851,3588,,3704,3588,,2.2,1.7,0.7727272727,13,2.2,56,8.829000074,,GBT22A_430
3329,0,0,0,84.134995,16.640833,2.29,498,3,9.7,67.92,5266,5248.28,5253,5266,4.1,1.4,0.6,0.4285714286,16,0.9,52,9.39674284,,GBT22A_430
6363,0,0,0,170.250839,21.336945,4.84,370,8,0,94.62,6306,6232.67,6244,6306,6,1.1,0.3,0.2727272727,15.2,0.9,54,10.00972325,,GBT22A_430
6904,0,0,0,178.938324,55.320553,9.82,188,8,8.2,23.99,1128,880.36,831,1128,4,4.1,1,0.243902439,12.9,9.6,71,9.125083987,,GBT22A_430
7879,0,0,0,190.704575,10.356945,1.59,329,14,8,115.35,7603,7552.91,7596,7603,1,1.21,0.33,0.2727272727,15.3,2.4,75,9.698344325,,GBT22A_430
8455,0,0,0,201.820404,32.029999,1.97,527,0,0,108.64,7294,7421.52,7322,7294,1.1,1.6,1.1,0.6875,14.4,0.9,23,9.739357743,,GBT22A_430
10030,0,0,0,236.751678,-0.985556,6.17,212,8,7,127.64,8960,8913.72,8953,8960,2.3,1.4,0.8,0.5714285714,15.4,5.2,68,10.37517076,,GBT22A_430
11198,0,0,0,274.746246,16.249166,1.46,440,4,9,61.94,4529,4611.42,4478,4529,2,1.3,0.25,0.1923076923,15.1,1,52,9.121207261,,GBT22A_430
11470,0,0,0,295.919586,56.108887,5.87,517,9,6,50.82,3551,3386.6,3386,3551,2.3,2.6,1.7,0.6538461538,13.1,2.7,56,9.553619426,,GBT22A_430
11478,0,0,0,296.780396,59.90667,5.08,463,11,5.5,63.97,3291,3287.64,3313,3291,3,1.6,0.35,0.21875,15,3.1,56,9.690728417,,GBT22A_430
11554,0,0,0,305.888336,58.343887,11.48,347,3,8.9,54.95,3099,3101.74,3103,3099,4,2,1.4,0.7,15.3,6.3,63,9.912789285,,GBT22A_430
11628,0,0,0,311.829163,0.320833,15.37,476,41,7.5,57.54,4218,3966.48,4219,4218,1.7,3,2.3,0.7666666667,13.5,7.4,52,10.07952559,,GBT22A_430
11758,0,0,0,322.740845,13.985833,3.02,627,6,7.3,124.17,8614,8608.03,8590,8614,4.2,1.6,0.2,0.125,15.5,1.2,66,10.04095231,,GBT22A_430
12071,0,0,0,338.102081,30.835278,1.87,356,6,9.7,157.04,10396,10371.59,10372,10396,3.1,1.3,0.4,0.3076923077,15.1,2.3,75,10.03677418,,GBT22A_430
12833,0,0,0,358.384155,8.117778,0.98,387,6,5.5,73.79,5210,5158.97,5155,5210,2,1.1,0.6,0.5454545455,14.8,0.7,52,9.100133099,,GBT22A_430
26163,0,0,0,131.818344,-20.035833,31.87,665,7,8.2,76.68144849,4581,,4634,4581,,4,0.7,0.175,0,9.8,63,10.64567468,,GBT22A_430
28479,0,0,0,185.316666,-21.995277,1.38,221,12,3.1,100.93,6854,6906.12,6905,6854,6,1.8,1.2,0.6666666667,0,2.8,63,9.520831636,,GBT22A_430
100038,0,0,0,1.559583,8.887777,1.17,430,8,7,154.88,11539,11452.67,0,11539,4.2,1,0.4,0.4,15.7,0.8,52,9.821088545,,GBT22A_430
105046,0,0,0,3.750417,16.333334,1.27,203,26,8.6,112.72,8334,8147.82,0,8334,,0.6,0.25,0.4166666667,17,2.3,75,9.580717684,,GBT22A_430
120493,0,0,0,41.455418,3.230833,2.58,321,12,9.5,86.3,6805,6810.53,6811,6805,4,0.9,0.25,0.2777777778,15,1.1,52,9.6565533,,GBT22A_430
125371,0,0,0,37.320831,18.088057,0.69,82,6,8.7,58.34,4540,4466.23,0,4540,,0.4,0.3,0.75,17.5,1.9,75,8.743693943,,GBT22A_430
130214,0,0,0,50.749588,1.365,0.88,350,30,4.3,139.32,9901,10017.71,10043,9901,1.5,0.8,0.6,0.75,15,0.9,52,9.605421607,,GBT22A_430
190579,0,0,0,148.455002,9.193611,0.75,213,27,4.8,134.28,8991,9059.66,8973,8991,1,0.5,0.4,0.8,15.6,2.4,75,9.503995932,,GBT22A_430
194224,0,0,0,135.949585,29.16,0.66,177,24,4.8,135.52,6790,6788.45,6789,6790,6.1,0.6,0.14,0.2333333333,17,2.3,75,9.456462724,,GBT22A_430
201353,0,0,0,154.823334,4.763055,0,0,0,0,206.06,13758,13880.45,13758,0,4,0.6,0.4,0.6666666667,15.1,0,43,-inf,,GBT22A_430
204628,0,0,0,150.806244,1.895278,0.9,140,14,5.6,207.01,13657,14003.92,13644,13657,5,0.45,0.36,0.8,16.1,3,75,9.959137163,,GBT22A_430
221146,0,0,0,194.222504,22.373611,2.29,250,0,0,118.03,6663,6606.66,6529,6663,5.1,0.6,0.3,0.5,15.6,0,22,9.8767323,,GBT22A_430
261094,0,0,0,249.372086,40.879997,0,0,0,0,100,7838,7782.69,7838,0,3,0.9,0.15,0.1666666667,17,0,43,-inf,,GBT22A_430
320249,0,0,0,338.460419,20.805277,1.83,416,7,6.3,159.96,10308,10248.48,10343,10308,4,1.05,0.35,0.3333333333,15.4,1.3,52,10.04338588,,GBT22A_430
441221,0,0,0,60.859173,-5.491944,0,0,0,0,183.65,11510,11960.79,11510,0,10,0.2,0.15,0.75,17.5,0,43,-inf,,GBT22A_430
510055,0,0,0,170.999573,-12.29639,7.77,317,8,9,73.11,5014,5015.08,5040,5014,3.9,2.1,1.4,0.6666666667,0,4.8,63,9.99128659,,GBT22A_430
510089,0,0,0,173.299164,-10.229722,2.43,333,9,5.9,85.51,6413,6065.13,6378,6413,3.2,1.4,0.3,0.2142857143,0,2.5,63,9.622552089,,GBT22A_430
530083,0,0,0,199.242493,-16.634445,22.57,310,11,6.6,26.67,1749,2548.39,1743,1749,4.2,5.6,3.2,0.5714285714,11.5,19.6,71,9.578489593,,GBT22A_430
530277,0,0,0,202.766663,-15.100834,6.18,298,10,6.7,61.09,4233,4214.14,4217,4233,4.9,1.6,0.4,0.25,15,4.3,63,9.735840728,,GBT22A_430
540121,0,0,0,220.599167,-17.251667,10.31,383,11,7.1,41.69,2793,2800.96,2834,2793,1.2,5.13,3.47,0.6764132554,12.3,7.8,71,9.626234459,,GBT22A_430
550003,0,0,0,225.938751,-3.3025,10.33,270,6,7.9,92.47,6366,6397.19,6367,6366,5.9,2,1.3,0.65,14.1,6.6,68,10.31901404,,GBT22A_430
630346,0,0,0,359.738342,-2.249444,3.32,376,5,7.1,99.54,7646,7535.51,11109,7646,4,1.7,0.7,0.4117647059,15,2.2,63,9.890045359,,GBT22A_430
723820,0,0,0,174.640411,25.398056,1.47,341,25,7.9,112.2,7583,7908.91,7602,7583,3,0.48,0.2,0.4166666667,14.7,2.3,75,9.640215052,,GBT22A_430